Time (day),CWV (mm)
0.049629844382957172,46.246854393632368
0.098338577835648144,46.335488059199569
0.14249350088614005,46.050242665615151
0.18576481571903936,45.666425469560977
0.23046599211516205,45.50158439136127
0.27615444607204859,45.300299291178959
0.32308109989872685,45.303794998606946
0.36801567925347217,45.209631312395572
0.41554081669560183,45.152611741605924
0.46293244538483797,45.054463230226624
0.5083973524305555,45.148261916356191
0.55012225115740743,45.137815474819327
0.59506306966145839,44.985457040231879
0.64354645905671293,45.045237589737219
0.68704413519965268,44.823531265723872
0.73516276041666673,44.926708407333422
0.78146366825810187,44.860437995959515
0.82548972800925924,44.913942493726331
0.87061740451388892,44.858763383340843
0.91779730902777779,44.780711587801903
0.96436794704861117,44.666460462040632
1.0133369502314815,44.791033509818909
1.0557205765335649,44.720913777268443
1.1022368706597223,44.802367096391862
1.144884620949074,44.758614720004381
1.1894321469907407,44.711791857900209
1.2323191550925927,44.743135332564385
1.2787685366030093,44.711697764493842
1.3228477647569445,44.624971982593962
1.3649052372685186,44.636856891226735
1.408884910300926,44.706178337044129
1.457936650028935,44.766781705679762
1.5021317093460649,44.736219756030572
1.5473415798611112,44.644328337917564
1.5930924479166666,44.687463959774725
1.635416304976852,44.705798783586985
1.6782172309027779,44.738465486217805
1.725920138888889,44.73609749385497
1.7732275390624999,44.64532955513004
1.8178052662037036,44.708290679814461
1.864085105613426,44.738092077257143
1.9081134259259258,44.721994356059639
2.0437264901620371,44.814009547770659
2.0875701678240741,44.705367162269084
2.1319677734374998,44.70971611459349
2.1748875144675925,44.680776384119966
2.2214525462962964,44.720984660111988
2.2673128255208335,44.690750220488816
2.3124658203125001,44.751515614977258
2.3593245442708333,44.705542969185956
2.4023887803819446,44.715897969907552
2.448423394097222,44.665082894438825
2.4916945167824074,44.67760100438241
2.5403814019097219,44.741239233072051
2.5886228660300925,44.776256177702578
2.6331467013888887,44.779991840275123
2.6789185474537036,44.712171017867988
2.7230405454282405,44.70085085490269
2.7696272786458334,44.705806698165382
2.8141758897569442,44.586004168429781
2.8617391854745371,44.652283597789847
2.9084154369212967,44.612675603848999
2.9510599320023148,44.739245294009685
3.0408369502314816,44.674203054181
3.0832425491898152,44.74907335248507
3.1250318287037033,44.777920145864911
3.1724616608796299,44.752957826156774
3.2142263454861109,44.793953013045005
3.2569466145833332,44.82638360591239
3.3013465711805554,44.860892731071011
3.3431901041666667,44.866771136684655
3.3880041956018516,44.639222235017762
3.4302470341435183,44.755121241812361
3.4726117621527774,44.761597803554253
3.5163002748842591,44.736249183574628
3.5581380208333333,44.685603912288322
3.6025050636574072,44.713323425558791
3.6483629918981482,44.64347728073497
3.6941579861111111,44.695972492316379
3.7386924913194446,44.687937491789555
3.7845337818287041,44.715158553801849
3.8288194444444446,44.682676453175887
3.8742625144675924,44.696748105122481
3.9207226562499997,44.6589382880789
4.0552495659722227,44.687478890169956
4.1034422019675931,44.74348302402521
4.1523654513888895,44.673922041670053
4.1964883535879629,44.654534004347056
4.2405269820601852,44.656345324959524
4.2888317418981483,44.720056356271947
4.334148582175926,44.653461619055278
4.3808492476851848,44.6641749216829
4.4288172743055556,44.624306588623774
4.4709053096064819,44.702055611089818
4.5162915943287034,44.773981819545249
4.5632964409722225,44.623102371675664
4.609053819444445,44.676268486104732
4.651124855324074,44.65257107840479
4.6943565538194445,44.673829847608161
4.7419976128472223,44.68694690248433
4.7880392795138889,44.698867166319509
4.8346469907407412,44.691460936783812
4.877235966435185,44.706327976597926
4.9201142939814817,44.756808737298506
4.9663375289351857,44.785916387555204
5.0587188946759261,44.625409950413811
5.102621527777778,44.698985621237838
5.1494766348379626,44.714715780787316
5.1965281394675928,44.68356520632846
5.242146629050926,44.642512626715494
5.2850933159722224,44.526665824669209
5.3338252314814811,44.634402584841432
5.3802705439814815,44.593552603182296
5.4243250868055561,44.61649947326179
5.4719158709490747,44.633507896765821
5.5154354745370364,44.572151053984101
5.5591145833333329,44.615073172130806
5.602537977430555,44.605393910635698
5.6442263454861106,44.652857331842206
5.6903634982638884,44.544826565691615
5.7373556857638883,44.646817940234307
5.7833326099537032,44.543239609157723
5.8300408709490741,44.454890690115512
5.8768956163194446,44.511628117168392
5.9205949797453705,44.53261375521749
5.9650842737268519,44.563801502713929
6.0564840133101852,44.625105498513513
6.1044921875,44.647318543129046
6.1508593749999996,44.474396602792332
6.1955128761574079,44.395030319566779
6.2407320601851852,44.442716358439185
6.2860590277777781,44.4613265372451
6.3316927083333328,44.603432605170681
6.3794538483796295,44.48440125439965
6.425499131944445,44.463324745704384
6.4739648437500001,44.548279298415558
6.5212760416666669,44.650713966975573
6.5660228587962957,44.609488246134255
6.6092585358796292,44.551164653758121
6.6527669270833334,44.640076085496688
6.6997858796296299,44.660167174260998
6.74357494212963,44.613043295972432
6.7876012731481481,44.596419641577086
6.829427083333333,44.491569867521015
6.8764814814814814,44.58948278477498
6.9234020543981485,44.499047337815348
6.965734953703703,44.57252495168904
7.0585250289351853,44.497906136488197
7.1005570023148152,44.426971405514685
7.1448198784722221,44.43647662918805
7.1886870659722222,44.316533475599115
7.2360257523148155,44.450586739250653
7.2819285300925927,44.444055407290726
7.3249833622685188,44.463191231426961
7.3717346643518518,44.442807347937126
7.4147055844907408,44.466505010736356
7.45650462962963,44.43630395748832
7.5013635706018524,44.423731730700652
7.5434273726851844,44.499685207336185
7.5862369791666664,44.542485398162377
7.6285040509259261,44.462864713543468
7.672079716435185,44.45223092171365
7.7160098379629636,44.418007072401991
7.760380497685186,44.368863108541838
7.8051425057870363,44.421967484443925
7.8475072337962963,44.378586898331207
7.8921838831018514,44.40678804361535
7.9379897280092591,44.418982783635435
8.0766304976851853,44.366456430688771
8.1220370370370372,44.301740779668705
8.165893373842593,44.363995361408428
8.2081893807870365,44.367208468750441
8.2565863715277779,44.37041456296474
8.2983181423611114,44.36808256498766
8.3452264178240743,44.392810492483648
8.387330729166667,44.495487026214491
8.4317303240740742,44.455648870549126
8.4771643518518527,44.493181019731615
8.523479456018519,44.450080586420853
8.5656206597222226,44.371959651332112
8.6100889756944436,44.286304144892405
8.6548336226851852,44.496840804643178
8.6970630787037049,44.372165878176332
8.7406018518518511,44.440559902137139
8.7883854166666655,44.43853359283564
8.8310980902777789,44.437784659154268
8.8750520833333333,44.401452043073327
8.9197309027777774,44.294535979080486
8.9644589120370366,44.414920989762045
9.0515219907407403,44.403105254173255
9.0954513888888879,44.390529275742026
9.1421831597222223,44.43983427671553
9.183922164351852,44.31065749011951
9.2263585069444449,44.306255615484922
9.2681872106481489,44.281491660347299
9.315228587962963,44.259515740123533
9.3591001157407412,44.183864229898667
9.4051750578703714,44.214173404051394
9.4473596643518523,44.247801611441652
9.4930967881944444,44.275044545186866
9.5405295138888899,44.354082308611275
9.5860062210648156,44.372349837879192
9.6288281250000001,44.295165842252992
9.677370515046297,44.365988107808079
9.7233557581018513,44.337054622225949
9.7704593460648148,44.325656915683702
9.8168648726851853,44.388296392447359
9.8633420138888894,44.391572211488203
9.9108304398148146,44.334940042692928
9.9531532118055548,44.319692427627018
10.083341290509258,44.327931482450829
10.126787471064814,44.353359649081256
10.174270833333333,44.253529949606246
10.222021846064814,44.335650009347873
10.264971788194444,44.28270958429615
10.311095920138889,44.306611292295152
10.354605034722223,44.297988315060238
10.401482204861111,44.335718870602541
10.448863570601851,44.350035956590382
10.492226562499999,44.315836287333646
10.540141059027777,44.294454729765874
10.584791666666666,44.339561930229003
10.631225405092593,44.242965358080767
10.674999999999999,44.319877388233763
10.722375578703703,44.386216512060329
10.765918692129629,44.35260657136304
10.807995515046295,44.30549516467984
10.855098379629631,44.301801554601504
10.901673177083333,44.333691646598318
10.94646412037037,44.219825242375371
10.98908203125,44.287311287681199
11.078084490740741,44.236417674381499
11.122593315972223,44.180490715866569
11.164346788194445,44.259194332803375
11.212296730324075,44.199594930382574
11.259809751157407,44.202467285169966
11.307604890046298,44.166900268234343
11.352376302083334,44.227550347643778
11.396121238425927,44.177329477383708
11.444517505787038,44.278245171274229
11.491067708333333,44.288125895981892
11.534190538194444,44.16783084228414
11.578993055555555,44.276986322221404
11.625083188657408,44.252312817941643
11.672944878472222,44.355072446420081
11.717289496527778,44.325167801027042
11.759340277777779,44.329378509898582
11.802369791666665,44.269492168695692
11.84849826388889,44.180917552719748
11.892016059027776,44.208213020347934
11.935573640046295,44.252668343087642
11.979522569444443,44.274047264367276
12.06990017361111,44.244411264733863
12.112762586805557,44.287398124475146
12.154916087962961,44.219821172238881
12.199195601851853,44.162678896976814
12.244334490740741,44.243680509803156
12.291080729166666,44.246708039459378
12.33445457175926,44.148123427134188
12.378440393518519,44.11584431012492
12.426060474537037,44.240066722410845
12.470985243055557,44.262425486165917
12.514972511574074,44.198345760402589
12.558139467592591,44.261212621208884
12.605739293981481,44.205654352439332
12.649756944444446,44.075607654358002
12.693480902777779,44.123139716102152
12.736024305555555,44.088219958881787
12.778755787037037,44.002892108383058
12.823848379629631,44.142096925028355
12.86800636574074,44.09938261965096
12.910923032407409,44.204762243490499
12.954318576388888,44.10787102292484
13.089972511574075,44.137404578337922
13.134761284722222,44.050391633745583
13.179029224537038,44.12515228756223
13.223171296296295,44.122379539552583
13.26755931712963,44.056554827212715
13.315439814814814,44.207283765980868
13.360896990740741,44.153532969093654
13.409049479166667,44.160981345585931
13.453090277777777,44.069446940161157
13.49708912037037,44.097603353630277
13.542562210648148,44.09612562554959
13.58513888888889,44.086869632190165
13.631896701388889,44.032072024947944
13.678506944444445,44.003456067000293
13.724007523148147,44.072170878029389
13.768890335648146,44.060810000417042
13.817421875000001,44.213560796647577
13.861453993055555,44.158401311695783
13.907453703703704,44.105380284744456
13.952258391203705,44.074881714576115
13.996734664351854,44.082763809659035
14.088488136574073,44.195732830719145
14.135782696759259,44.25582128608967
14.18064525462963,44.198310546112239
14.224058159722221,44.144677252720712
14.268250868055555,44.12931180366084
14.312579571759258,44.200098121123595
14.354684606481483,44.051201332599376
14.401469907407408,44.098711151538055
14.449639756944444,44.123395613312951
14.494806134259258,44.072867047439175
14.540254629629629,44.050416362658261
14.582384259259259,44.039023355890912
14.629693287037037,44.101331769127356
14.676244212962963,44.046009083026682
14.718580729166668,44.080867271904893
14.764810474537036,43.978726256362755
14.810742187499999,44.02354969889565
14.857157118055556,44.039274493515833
14.901537905092594,44.018820324917179
14.94441695601852,44.053273339620262
14.987118055555555,44.106906206813782
15.078025173611111,44.120238966209733
15.124166666666667,44.122639864991825
15.170292245370369,44.066040701110182
15.213796296296296,43.892987881158092
15.256643518518517,43.970183073397131
15.302828414351852,43.991208526723923
15.349169560185183,44.005430192360549
15.391099537037038,44.007292692623231
15.437858796296297,43.911251580691427
15.482010995370372,43.912833581840772
15.528375289351851,43.985736116934163
15.572426215277778,43.972620689192226
15.615849247685185,44.015939014106223
15.663493923611112,43.975934349602255
15.706093750000001,43.991066011581779
15.753747106481482,44.066604680403628
15.801238425925925,44.047396670148423
15.844003182870372,44.128892675433761
15.890014467592593,44.124528487782825
15.93912471064815,44.163186664306416
15.981361400462964,44.148611939513259
16.071737557870371,44.117066644593798
16.120750868055556,44.198198084874882
16.168132233796296,44.167440845920467
16.212277199074073,44.092968786025153
16.254191261574075,44.134851898172101
16.297355324074072,44.006043591755052
16.346257233796297,44.154145953040178
16.391331018518517,44.092445890119684
16.438628472222224,44.142889824577814
16.480609085648148,44.064673119112207
16.527394386574073,44.152708943111648
16.57195746527778,44.110909576902998
16.615353009259259,44.082599689014998
16.657763310185185,44.136404883137033
16.701909722222222,44.013527834299715
16.746958912037037,44.038282339452671
16.794781539351852,44.091004984738063
16.841882233796294,43.951993906372074
16.887858796296296,43.93667548537983
16.932472511574073,44.022817323424491
16.98006076388889,44.047690413751241
17.070067997685186,43.982119349068377
17.112999131944445,44.032025055534959
17.158088831018517,44.009951072669686
17.203543113425926,43.889680971227605
17.249149305555555,43.880466728100288
17.292000868055556,43.860870344292948
17.336656539351853,43.903323124683531
17.384089988425924,43.949791873018683
17.430675636574076,43.974540672924014
17.4765625,44.100168083519819
17.524314236111113,44.017752826456444
17.567936921296297,44.038002270432848
17.614453125000001,44.019282428999468
17.661475694444444,44.064269456889264
17.703927951388888,43.977416174668448
17.751459780092592,44.025876289160323
17.797481192129631,43.980105623912294
17.839524016203704,44.026704608542815
17.882429108796298,44.151097742511375
17.927643229166666,44.211971395386506
17.971708622685185,44.122507552279046
18.106561053240743,44.169629939350919
18.150766782407405,44.149211615182686
18.195905671296298,44.012851558864639
18.240620659722222,44.031665468090274
18.282650462962962,44.108815801459819
18.327379918981482,44.050817526565581
18.372507233796295,44.129858442459025
18.417439236111111,44.071837680212703
18.461435185185184,44.086265946262216
18.505337094907407,43.977477123034859
18.550774016203704,44.019724679122973
18.593913483796296,44.024195162045238
18.638434606481482,43.978846999853417
18.682922453703704,44.005650420551106
18.724602141203704,44.077260957669843
18.77158275462963,43.978728233466278
18.814014756944445,44.019998228816348
18.857851562499999,43.955883719584996
18.904675925925925,43.962179470655698
18.948635706018518,44.068560246703946
18.995658275462961,44.002567095945246
19.084311342592592,44.071403083452125
19.128265335648148,44.104367011712355
19.175788483796296,43.972418828168848
19.217498553240741,44.085072507524075
19.264887152777778,44.062241592097067
19.309403935185184,44.052889538983777
19.353710937500001,44.04609215114963
19.395496238425924,44.109729488810935
19.442032696759259,44.022019587856505
19.48966579861111,44.075843426323793
19.535659722222224,44.005791364535256
19.579742476851852,44.083705247855455
19.626594328703703,44.038137625172403
19.67156105324074,44.104474404194548
19.714305555555555,44.119250014594975
19.758657407407409,43.957082931435473
19.803716724537036,44.020967700757879
19.846504629629631,44.042388110788735
19.890441261574072,44.044509569639921
19.932997685185185,44.081982183325806
19.980954861111112,44.098118247366692
20.113920717592592,44.048450174574
20.156948784722221,44.019945281975119
20.203146701388889,44.025574474815841
20.249438657407406,44.064683853661791
20.29265769675926,44.086331001060508
20.336636284722221,43.997101208747509
20.383285590277776,44.001408383853658
20.428043981481483,44.06340242516184
20.473518518518517,44.075104896420946
20.516508969907409,44.03735718447949
20.563880208333334,44.084878201733424
20.611929976851851,44.054051357449183
20.658032407407408,43.993934492368076
20.700769675925926,44.027700558289709
20.744159432870372,44.001125066792852
20.791044560185185,44.103480690126936
20.833310185185187,43.971631660155282
20.881310763888887,44.06102980842482
20.929526909722224,44.032647672223618
20.976426504629629,44.0812170693507
21.018728298611112,44.015294656966525
21.109901620370369,43.87977720360707
21.156135706018517,43.861992547272543
21.200232928240741,43.925959854000538
21.244130497685187,43.878820717648729
21.286727430555555,43.939374018434279
21.334510995370369,43.932635814013366
21.378567708333335,43.889729019247362
21.422601273148146,43.885249413550135
21.467896412037035,43.897982567181302
21.514053819444445,43.813384351952031
21.557854456018518,43.86768665746024
21.601932870370373,43.897685660110078
21.645335648148148,43.915837377221827
21.691283275462965,43.852087707900665
21.739390914351855,43.918745173579254
21.783987268518519,43.792087810532919
21.830970775462962,43.829183768500229
21.879116030092593,43.869620341984408
21.923019386574072,43.819776334702119
21.969988425925923,43.822222887482802
22.014265046296298,43.862410967176288
22.10382523148148,43.979584090583252
22.146446759259259,43.899413290886066
22.19150173611111,43.998012717219297
22.235133101851854,44.034912933137427
22.282910879629629,44.036775510850042
22.326280381944443,43.967528868047545
22.369399594907406,43.935910547485548
22.412790798611113,43.92484295370582
22.458634259259259,43.8905147659463
22.501636284722224,43.859125347155157
22.548188657407408,43.754158452980477
22.592047164351854,43.604655253873297
22.636828703703703,43.729141516274353
22.681089409722222,43.632433869296143
22.727012442129631,43.705335232209457
22.771325231481484,43.765141768174615
22.818302951388887,43.712542770401697
22.861746238425926,43.794734519326418
22.90634837962963,43.892334654647129
22.953153935185185,43.922948110560803
22.998874421296296,43.859727332327871
23.094030671296295,43.827346002791657
23.13949074074074,43.794592370764228
23.185820312499999,43.883925217819886
23.227541956018516,43.815889471131747
23.269963831018519,43.816197545971981
23.314021990740741,43.829003135090161
23.357296006944441,43.812308487449059
23.404618055555556,43.895446272621029
23.446969039351853,43.865654997496954
23.492109374999998,43.821011795446509
23.537274305555556,43.802443343510447
23.582753182870373,43.844328183166304
23.629509548611111,43.909436559741316
23.675708912037038,43.900759836375833
23.723285590277779,43.796494892215641
23.769946469907406,43.80266927171877
23.815067997685187,43.730892272468758
23.858579282407408,43.708416296210295
23.902602719907406,43.612273313318788
23.950484664351851,43.693954735522922
23.996135706018521,43.678424083431295
24.130795717592591,43.74533344772172
24.180073784722222,43.736090957027542
24.225571469907408,43.645010906022257
24.271393229166666,43.69430916170154
24.315269097222224,43.683656917924985
24.360153356481479,43.738513586151285
24.404968171296293,43.681880838414465
24.446996527777781,43.672040996330239
24.492844328703701,43.747581996994647
24.538206018518519,43.811703714694758
24.584383680555558,43.746938306953773
24.628420138888888,43.747259193438666
24.67763020833333,43.764211541094397
24.724175347222225,43.745954062546652
24.768127893518521,43.779002928412588
24.812526041666668,43.763887578161338
24.856304976851849,43.791543801756177
24.903243634259258,43.735886452274023
24.947494212962965,43.828793764573064
24.991825810185187,43.69285731276787
25.038052662037035,43.718095751535387
25.126090856481483,43.791048364408368
25.174105902777779,43.777710490979018
25.220020254629631,43.737960886694637
25.267245370370372,43.797512563143826
25.312566550925926,43.759018204467814
25.359907407407405,43.775657771910055
25.408677662037036,43.851078520559973
25.454713541666667,43.806330170280802
25.500075231481478,43.799050292990195
25.547809606481479,43.801762022075792
25.59473090277778,43.748250602096768
25.642045717592595,43.744599380309801
25.684447337962965,43.740171447562112
25.726221064814812,43.677938323965563
25.7734375,43.74425339369062
25.818046874999997,43.791345236085625
25.865460069444442,43.790656732391682
25.907705439814816,43.85032806118361
25.950853587962964,43.829564954910481
25.992604166666666,43.836263677546214
26.037965856481481,43.889104819982698
26.126979166666668,43.75733687308616
26.168929398148148,43.89126337088242
26.214817708333332,43.859294510251388
26.256979166666667,43.941659374222304
26.30339699074074,43.899865415007909
26.349490740740737,44.011325629991781
26.395653935185184,43.882838914709765
26.438813657407408,43.727414468342694
26.486773726851851,43.764805375043068
26.533451967592594,43.738101732840128
26.576203703703701,43.607999955588681
26.619690393518521,43.675996198393776
26.661944444444444,43.709275377315507
26.706912615740737,43.651070958719856
26.749956597222223,43.684002331432417
26.795127314814817,43.684459293148208
26.840685763888889,43.727209009864552
26.883752893518519,43.682984225308694
26.932858796296298,43.768391146947167
26.976420717592593,43.861886233655497
27.018721064814816,43.940303367271376
27.110269097222226,43.996006443222527
27.157569444444444,44.015479101262009
27.202456597222223,44.01774853383472
27.244375000000002,43.801320747256995
27.289742476851853,43.867854340359081
27.33635127314815,43.876427449555223
27.378929398148149,43.856900766681349
27.422731481481481,43.973507487354425
27.465245949074074,43.886849113695618
27.509910300925924,43.932562945216127
27.554074074074077,43.895200206979155
27.596947337962963,43.883251038597763
27.641264467592592,43.796194351101214
27.685581597222225,43.816538604543041
27.727306134259262,43.952906215257237
27.773961226851853,43.85493473942477
27.818041087962964,43.941000611277573
27.866721643518517,43.956253280933495
27.91267650462963,43.826508251275712
27.954788773148149,43.870459410285513
28.003217592592591,43.889629781694921
28.144071180555557,43.873847779339506
28.186643518518519,43.857577316792081
28.233049768518516,43.89160176023497
28.275315393518522,43.933073386128612
28.324076967592593,43.81192802363821
28.370434027777776,43.863989723954361
28.418587962962963,43.928795345724872
28.463272569444445,43.89224671029281
28.505752314814814,43.853075871582881
28.550295138888888,43.879281800569828
28.593796296296293,43.905755677392811
28.639105902777775,43.903308623274398
28.684913194444444,43.874453210310669
28.727164351851851,43.957254831698904
28.769265046296297,43.778155581188145
28.813356481481481,43.835452547981255
28.85814236111111,43.813322580518566
28.901848958333332,43.847062174778216
28.947476851851849,43.906855506554756
28.989461805555553,43.886421983947898
29.033284143518518,43.81564329544387
29.125031828703701,43.811946840022273
29.171336805555555,43.759534335709716
29.214728009259261,43.846835848082193
29.257989004629632,43.753387311601074
29.301608796296296,43.82340727225872
29.344788773148149,43.776436934758244
29.38949074074074,43.805059524276224
29.431701388888886,43.721250216098412
29.476145833333334,43.758925822487356
29.521299189814815,43.77649865762907
29.569756944444446,43.735781678498341
29.616400462962961,43.876315123258607
29.660911458333334,43.780196165221263
29.703576388888891,43.837196486159755
29.746328125000002,43.757907063962982
29.793440393518519,43.792182787092706
29.838978587962966,43.747461102912141
29.882239583333334,43.686381855553272
29.924024884259257,43.687745731164938
29.966860532407409,43.679834595397566
30.009855324074071,43.65235113709177
30.143255208333333,43.750904071324499
30.188078703703706,43.734196070039125
30.232094907407404,43.719566308819545
30.277925347222222,43.767703164866688
30.322404513888888,43.731342082261492
30.368408564814814,43.735227791223828
30.411620370370372,43.744063501172633
30.45523148148148,43.811916061063492
30.498379629629628,43.807789060462227
30.543764467592592,43.852858981332517
30.587201967592591,43.69976534517221
30.633718171296294,43.735911765003166
30.683090277777779,43.861988257484256
30.725387731481479,43.846416830431622
30.767656250000002,43.81687496345544
30.814155092592589,43.636077437860983
30.856157407407409,43.685893252287784
30.900662615740742,43.687901316448894
30.947511574074074,43.671642425874282
30.991591435185185,43.68314769201919
31.037416087962963,43.689405031823711
31.124710648148149,43.7446134352125
31.167369791666669,43.774090602892457
31.212552083333335,43.824006940678622
31.256657986111112,43.731581142357918
31.299105902777779,43.825032693249447
31.345405092592589,43.868043660354417
31.389716435185182,43.893302486242575
31.436359953703704,43.813675111535936
31.482566550925924,43.88805256555721
31.529337384259261,43.888793769704527
31.574673032407407,43.935619030381332
31.617679398148152,43.88604877617172
31.665697337962964,43.936615785027179
31.708249421296298,43.886107677188633
31.750992476851852,43.844289933755
31.792664930555556,43.783665031253996
31.838616898148146,43.888636866092874
31.886710069444444,43.918811012430488
31.929910300925926,43.939675517924144
31.978015046296296,43.888952959135622
32.020781249999999,43.963504988336716
32.149710648148151,43.885887185946721
32.193955439814815,43.900861715139591
32.237855902777774,43.913898070713053
32.282002314814811,44.034980535263372
32.324565972222224,43.886460818058261
32.37083912037037,44.030851643030061
32.413460648148153,43.949362393408279
32.457184606481484,43.904046518126485
32.499398148148153,43.945874751384267
32.545075231481484,43.930424140107533
32.589262152777778,44.043471563169469
32.636226851851852,44.015638589658202
32.683038194444443,44.040517694328372
32.729490740740736,43.968893671663345
32.772777777777776,43.93271943371856
32.81980034722222,43.988072168320656
32.862766203703707,44.072383931889306
32.905141782407405,44.085779810260043
32.947037037037035,44.158147989398344
32.990555555555552,44.097756819812773
33.035558449074074,44.134318673224271
33.124386574074073,44.087310490652975
33.168304398148145,44.10576763981269
33.210052083333331,44.044882061006689
33.253495370370366,44.143329341406194
33.295899884259264,44.104343872401017
33.341426504629631,44.153537417882468
33.384612268518516,44.170905749180491
33.429366319444448,44.200480237543303
33.475807291666662,44.212712731810825
33.522719907407406,44.257059719003962
33.569036458333336,44.137602576054498
33.611953124999999,44.192142812858286
33.659259259259258,44.064000281024065
33.705766782407409,44.048219600843971
33.753153935185189,44.059686543016014
33.799942129629628,43.941168246321546
33.845520833333332,43.930448324076814
33.889508101851852,43.974704762923707
33.934184027777782,44.038153026464272
33.977094907407405,44.142293879754135
34.023683449074078,44.11028081435424
34.15712962962963,44.049491612008161
34.204811921296297,44.006176660195116
34.249774305555555,44.103974327251223
34.298214699074073,44.132315482457166
34.344618055555557,44.103940759589968
34.38893229166667,44.095276695981752
34.435462962962966,44.168619757974987
34.480630787037036,44.116712912593144
34.523561921296299,44.10687807031632
34.569010416666664,44.179080816738484
34.614837962962959,44.16746258053918
34.660842013888889,44.109206058555365
34.70255497685185,44.05857389630583
34.745405092592591,44.138056062008289
34.789253472222221,44.114664762436234
34.830978009259262,44.080303607664675
34.879835069444447,44.070458810588484
34.924606481481483,44.08241005094257
34.97203993055556,44.072055630046243
35.015428240740739,44.224588402509816
35.059111689814813,43.980459565259842
35.147740162037039,44.16084514146668
35.193836805555556,44.146654434743176
35.236741898148146,44.131619590052317
35.280853587962959,44.201964778669257
35.324667245370371,44.210918212741198
35.369999999999997,44.240067076596006
35.414137731481482,44.203967775422683
35.458388310185185,44.196684473762829
35.502650462962961,44.228465591503181
35.54441261574074,44.133131635684741
35.590798611111111,44.122862439245537
35.637722800925921,44.224052099213019
35.680031828703704,44.147251210547907
35.722447916666667,44.120693542836747
35.768313078703706,44.085810696094093
35.81420428240741,44.1655393194387
35.858883101851852,44.057168053205586
35.900590277777773,44.136506168968261
35.943038194444448,44.165604645556805
35.988287037037033,44.212228770177759
36.033703703703701,44.155865629964616
36.168689236111113,44.260089441744448
36.214380787037037,44.250294486424892
36.258726851851854,44.191482575292071
36.30407118055556,44.188152971795965
36.349036458333337,44.157612546875264
36.394285300925922,44.221703661146698
36.440260416666668,44.21529898093317
36.488009259259258,44.289530533573014
36.530899884259263,44.25433215817651
36.574120370370373,44.306606955187348
36.622583912037037,44.306100601071705
36.669875578703703,44.22360823539185
36.712855902777775,44.322277643076674
36.760457175925929,44.332256890527631
36.802256944444444,44.383603752597175
36.845474537037035,44.378390532271965
36.889175347222221,44.359613945149533
36.933802083333333,44.390251899626108
36.979016203703701,44.358429271684642
37.026331018518519,44.355332343554991
37.073023726851851,44.290049333787437
37.163940972222221,44.451792858466973
37.211556712962967,44.461523608442953
37.257479745370368,44.316953906868186
37.305098379629634,44.422896383746597
37.349994212962962,44.366554479139324
37.393440393518517,44.34824358700579
37.439114583333335,44.338865068503786
37.481710069444446,44.19903036627813
37.527106481481482,44.280034240611009
37.570625,44.260814161498743
37.614895833333335,44.320573563636067
37.662216435185186,44.296903469035705
37.706229745370372,44.173490573041292
37.753260995370368,44.230826941472287
37.798411458333334,44.145581430526079
37.844357638888887,44.319109993523796
37.891574074074079,44.202558481999617
37.940295138888892,44.364340869284177
37.987557870370374,44.29064846179508
38.030454282407412,44.317744474956527
38.075052083333333,44.35631972968033
38.163570601851852,44.361334901187817
38.20641493055556,44.291768974674739
38.249484953703707,44.324628826335228
38.293770254629628,44.172408881148414
38.339178240740743,44.342770181794229
38.381171875,44.341446786348143
38.424409722222222,44.341649574746548
38.470231481481484,44.294489209940465
38.516001157407409,44.153416011802037
38.558327546296297,44.239331616503833
38.600969328703705,44.262653006872121
38.644968171296298,44.384773110433485
38.691440972222225,44.467272606098902
38.733871527777779,44.42557609397285
38.776374421296296,44.461214712743114
38.821825810185182,44.461094160305493
38.864337384259258,44.379419138813311
38.910205439814817,44.294827646874261
38.957604166666663,44.394531132574556
38.999392361111113,44.37918548069139
39.046229745370368,44.483227921208126
39.137384259259257,44.463386119530384
39.180908564814814,44.489984212664417
39.228035300925924,44.529750867865246
39.271568287037034,44.395419484202606
39.320720486111107,44.450766443529119
39.362540509259262,44.29714770901596
39.409696180555557,44.430460892469917
39.453868634259258,44.322091234295577
39.497864583333332,44.320359014840236
39.540156250000003,44.389744938642089
39.582962962962959,44.414806615958625
39.63110821759259,44.409847924428973
39.673804976851848,44.414494099596169
39.716004050925925,44.438406519506159
39.762013888888887,44.424447549195492
39.806519097222221,44.377860113344305
39.852844328703704,44.441344724867321
39.898460648148152,44.507941070234409
39.942430555555553,44.496705452072277
39.989560185185184,44.443798903999983
40.03649305555556,44.465222298572229
40.171197916666664,44.485180775003727
40.215844907407408,44.387915458953557
40.261548032407411,44.380600826876041
40.309525462962959,44.4177834276596
40.352864583333336,44.435883796742907
40.39894386574074,44.545842982120689
40.445853587962965,44.378101915118627
40.493373842592597,44.456361702039857
40.536756365740743,44.459235705034466
40.580147569444442,44.496794867664747
40.624386574074073,44.510151042945679
40.671516203703703,44.388804016963384
40.71767071759259,44.518555689537607
40.761351273148144,44.46644008404941
40.805066550925922,44.586457146038427
40.850989583333337,44.58368052999402
40.898388310185183,44.592253117049012
40.941817129629634,44.563746845592064
40.984389467592592,44.520868911092478
41.0290943287037,44.589002023324248
41.074751157407405,44.697903635276155
41.160480324074072,44.421898231710081
41.204551504629627,44.484754645300782
41.250457175925924,44.436276246837998
41.294262152777776,44.426096059747614
41.339878472222225,44.486494486182551
41.381901041666666,44.531446645693357
41.425144675925928,44.580821904019388
41.469074074074072,44.542521029792432
41.512387152777777,44.607394436679314
41.555078125000001,44.558927661255126
41.598454861111115,44.502874274043478
41.64508969907407,44.549816917749368
41.690717592592591,44.517953090672393
41.734988425925927,44.448066731930339
41.781799768518518,44.473716148684751
41.826032986111109,44.507770784372369
41.869453125,44.500270328543245
41.915694444444448,44.523097427707128
41.958906249999998,44.522211524297028
42.002494212962965,44.546718446023377
42.047219328703704,44.487676844905096
42.142089120370372,44.557081404388654
42.18832465277778,44.582536461784294
42.23097511574074,44.642812721014536
42.276105324074074,44.609078889558177
42.320410879629627,44.637776601381248
42.3669849537037,44.59739768282347
42.410005787037036,44.659006282696261
42.451698495370373,44.663249674631487
42.495063657407407,44.630801276747832
42.541316550925927,44.404506976657402
42.583234953703702,44.522228449804885
42.629273726851856,44.62652309244411
42.675341435185182,44.585110231693704
42.717511574074074,44.599139587265739
42.761047453703704,44.54237879449839
42.804354745370368,44.587087795291716
42.848819444444445,44.555950529313627
42.896484375,44.558825269445883
42.944010416666664,44.569837529769522
42.989024884259258,44.545326910004206
43.032138310185189,44.593663168428186
43.161475694444448,44.620609963378271
43.208234953703702,44.662923108596466
43.250251736111117,44.639853197564562
43.298324652777779,44.5999915522764
43.341270254629627,44.639177351281802
43.387942708333334,44.63670617106866
43.430639467592592,44.653969614792331
43.473330439814816,44.665465353154907
43.516200810185182,44.598524411357467
43.559522569444447,44.74807022642532
43.602656249999995,44.688854106972201
43.651576967592597,44.754239316621806
43.697132523148149,44.738883602632839
43.739259259259256,44.690651444264972
43.783747106481485,44.695430160290336
43.830266203703701,44.611867274413953
43.871984953703702,44.66780748204998
43.914398148148145,44.6596873945754
43.956623263888893,44.689882561808687
43.998663194444447,44.70614135509247
44.046464120370366,44.751304328344851
44.179042245370368,44.621258436720964
44.226114004629629,44.738391755250994
44.270844907407401,44.716394862832637
44.312777777777775,44.689510073671904
44.356478587962961,44.751498601648464
44.404123263888891,44.772983027570149
44.450202546296303,44.634893835410033
44.495868055555555,44.741724299741989
44.543683449074074,44.680244830953747
44.588425925925925,44.707472707656621
44.636258680555557,44.628714035704824
44.679004629629624,44.689345469584588
44.720827546296299,44.737851103892211
44.764667245370369,44.76339304929013
44.807615740740744,44.773271265630441
44.853666087962957,44.689798885412827
44.895795717592591,44.648977405198892
44.937910879629634,44.80186246749863
44.982945601851846,44.595278540756404
45.024632523148149,44.705030022173986
45.066521990740739,44.708050635503653
45.16009837962963,44.772961254758521
45.207771990740746,44.779057079986842
45.254392361111115,44.73545986869685
45.299456018518519,44.808079390382872
45.344331597222215,44.774619026910905
45.388660300925928,44.780986721906949
45.433695023148147,44.70275378134518
45.479120370370367,44.839898322414761
45.520885416666665,44.745477333617899
45.56583622685185,44.70397690208263
45.613645833333329,44.872497887941584
45.660815972222224,44.86645124845171
45.706348379629624,44.799940067313287
45.749155092592595,44.830232572813642
45.795760995370365,44.745271080125214
45.844204282407411,44.759996627949299
45.886675347222223,44.675545184974446
45.932702546296298,44.651001277221532
45.978075810185182,44.673804253042945
46.021244212962962,44.637014997616106
46.064172453703698,44.576478004841469
46.156695601851851,44.67939846423333
46.201351273148141,44.683373821159762
46.243871527777777,44.739360060981554
46.288107638888896,44.713266037264809
46.335445601851852,44.775616662838374
46.378506944444446,44.758547512909452
46.423478009259263,44.635228154488452
46.466574074074067,44.702976243058245
46.512523148148148,44.687468442591801
46.55752025462963,44.771110792915216
46.603122106481486,44.751034555203852
46.64762152777778,44.789495991271338
46.693353587962967,44.763844577872355
46.737685185185178,44.861664357677427
46.785020254629636,44.913208943642047
46.830483217592594,44.817948044219534
46.874933449074071,44.868961551657861
46.921131365740742,44.820169213609795
46.963946759259265,44.836142462973633
47.008524305555561,44.729363004619671
47.050196759259258,44.682425839811032
47.187994791666661,44.779087407678652
47.235598958333334,44.821641269562853
47.278793402777779,44.844023493126393
47.326001157407404,44.805253808347338
47.372809606481475,44.819816902411702
47.418506944444438,44.75025064627404
47.46144965277778,44.726896084783988
47.50805844907407,44.689221524190934
47.552919560185188,44.711198007189473
47.60023148148148,44.711597250640182
47.646284722222219,44.638611625002937
47.692187499999996,44.789402227382922
47.737934027777776,44.840783460415736
47.784991319444451,44.72595042580646
47.831183449074075,44.746905746555107
47.874973958333335,44.704928301132426
47.920283564814817,44.773132883738491
47.962204861111111,44.820292546846325
48.005876736111112,44.878533188716141
48.048168402777776,44.83032465497773
48.09374710648148,44.812752897810043
48.18133680555556,44.811988667287494
48.227256944444441,44.795945791171164
48.270520833333336,44.75057463908994
48.315298032407405,44.849920846602053
48.361860532407405,44.705546627342493
48.406061921296299,44.77434093936111
48.450405092592597,44.693697441269528
48.492659143518523,44.79519360852516
48.539875578703708,44.68364205594888
48.584866898148142,44.7486952218227
48.63137152777778,44.749586762191583
48.67722800925926,44.812275386266897
48.72342592592593,44.782197186959827
48.765254629629631,44.80504573682127
48.812505787037033,44.745075558638888
48.861527777777781,44.811421283494909
48.904577546296302,44.709318027922059
48.949826388888887,44.786251323163469
48.991840277777776,44.867269306652076
49.034166666666664,44.763085811550283
49.079085648148151,44.834178786266087
49.166956018518512,44.787581696335465
49.210300925925928,44.802039199672762
49.256059027777781,44.796639254264065
49.302424768518513,44.792162870343837
49.345729166666665,44.710304312061012
49.391041666666666,44.787846884278906
49.435214120370368,44.730628168943355
49.47794560185185,44.818418118666003
49.522939814814812,44.858707742100684
49.565653935185189,44.761211795894624
49.609832175925931,44.698342536959494
49.654259259259256,44.795241967955192
49.696041666666666,44.776156341725866
49.743420138888887,44.790042254936338
49.789456018518514,44.809854368467242
49.836001157407402,44.849625612019068
49.880769675925926,44.822677219812242
49.923912037037042,44.874321993654895
49.969849537037042,44.963483149261677
50.014814814814819,44.836396809953506
50.058912037037032,44.778915319203989
50.20009837962963,44.749232024341609
50.244635416666661,44.763217688560651
50.287864583333338,44.783595251890787
50.334346064814817,44.75002425712109
50.381452546296295,44.842911146604436
50.42603587962963,44.779356400767959
50.469375000000007,44.900538985683795
50.517106481481477,44.909134448406185
50.559675925925923,44.880625738017478
50.604583333333331,44.860281205229683
50.651857638888885,44.992623560968212
50.693634259259255,44.996585929011616
50.73801504629629,44.932625762829268
50.77980324074074,44.878489973861626
50.827754629629631,44.881350176836207
50.872893518518516,44.87741001911121
50.917447916666667,44.782633357325849
50.961261574074079,44.821599306186947
51.00586805555556,44.699347349190269
51.051817129629626,44.840731540937689
51.099091435185187,44.785751667141881
51.193506944444444,44.811515144702156
51.237690972222225,44.85160990577635
51.281857638888887,44.775094662063189
51.328553240740739,44.827053461774192
51.37082754629629,44.788438089988382
51.414230324074076,44.874132862451127
51.456562499999997,44.762184650111649
51.498530092592596,44.77161312033202
51.544282407407401,44.78753287225048
51.590868055555553,44.849888327737581
51.637592592592597,44.882474195045816
51.682071759259259,44.887115928332406
51.728194444444448,44.857063112380814
51.774189814814811,44.806326318722235
51.819606481481486,44.822969988795911
51.865526620370368,44.817123049133265
51.910086805555551,44.841653500226563
51.95646990740741,44.819554626513693
52.000885416666669,44.84916486596353
52.047135416666663,44.900278741010005
52.089872685185185,44.897307459599631
52.177893518518516,44.885169793320038
52.221059027777777,44.904921473509276
52.267326388888883,44.907868368822605
52.311811342592591,44.911240016851231
52.356145833333329,44.930143530150573
52.401996527777776,44.810970312234311
52.444155092592588,44.8763377720745
52.489745370370372,44.818555480136496
52.535908564814811,44.931812846003638
52.583142361111108,44.868572995637805
52.628096064814819,44.901713047307858
52.673107638888887,45.014720883025923
52.720283564814814,44.957019301464399
52.764045138888889,44.950074636065935
52.809456018518517,44.961406197905355
52.852048611111115,44.914275302327908
52.895734953703702,44.928021909378003
52.941012731481486,44.944072734004472
52.985005787037039,44.973557526567127
53.031134259259261,45.062225284705811
53.074097222222228,44.931862571583025
53.207181712962957,44.932092091976841
53.254803240740735,45.013149593881366
53.301961805555557,45.014292936895927
53.347297453703703,45.043258049054799
53.389565972222222,45.094950831915419
53.434797453703702,45.071810468423358
53.47650462962963,45.110203505302799
53.522326388888892,45.120079425389733
53.564878472222226,45.108893637093324
53.61297453703704,45.019688911252238
53.6557349537037,45.015181722270412
53.703269675925924,44.988014329522443
53.745937499999997,45.025871853934774
53.792187500000004,44.867655453522467
53.838935185185186,44.977439819761308
53.884965277777781,44.888967891427924
53.927199074074075,44.945539848877772
53.973981481481481,44.958303905759578
54.018067129629628,44.917976693978595
54.061487268518512,44.844522486235114
54.108900462962964,45.023910810339942
54.200254629629626,44.94296161766642
54.243784722222223,44.929935881147522
54.288836805555555,44.936593537771394
54.336562500000007,44.945473213452452
54.381099537037038,44.913115955146885
54.427945601851853,44.984566230733165
54.470364583333328,45.002089398576906
54.516128472222221,45.040947983151341
54.564421296296295,45.067743724130267
54.610960648148144,44.998392171498153
54.655989583333337,45.07972077347533
54.698593749999993,45.094476750183873
54.74464699074074,45.099393495721465
54.788420138888888,45.111687024783699
54.83228587962963,45.009374808280654
54.877141203703701,45.123068552762149
54.91997685185185,45.074697374172914
54.961927083333336,44.968625115121085
55.008796296296303,45.029316317552187
55.054832175925924,45.023318948233637
55.099548611111111,45.062210933712919
55.191846064814818,45.084161121847181
55.235590277777781,45.031895360295515
55.282436342592597,44.979310382411199
55.325885416666665,44.960440561557604
55.367858796296296,45.014945969081026
55.415480324074075,44.969098355934499
55.46180555555555,45.027794772539018
55.505630787037035,45.011007885261002
55.548611111111114,45.062946878116286
55.59575231481481,45.042946734880061
55.637847222222227,45.090265381160393
55.679947916666663,45.074439027547704
55.725144675925925,45.084300513205001
55.767309027777777,44.968162101439525
55.81311921296296,45.064260201970058
55.857968749999998,44.94089580553004
55.903946759259263,44.937060942434179
55.947175925925926,44.974546651640757
55.992563657407409,45.020486571432357
56.037285879629628,44.931394376820791
56.079403935185184,44.881712099796971
56.215318287037036,45.083058833386538
56.257928240740739,45.11854480325529
56.300949074074076,45.107289717408918
56.346278935185182,45.015640739944374
56.388240740740741,45.121241739388928
56.433107638888885,45.043173703800065
56.478246527777777,44.986436941651995
56.524560185185187,44.917566278945792
56.568281250000005,44.840825212771357
56.613420138888891,44.964843071205017
56.6606712962963,45.013807217402487
56.706921296296294,45.070561360380502
56.751736111111114,45.104004201272389
56.798535879629632,45.059760177808478
56.842997685185189,45.044166550204267
56.886956018518525,45.066029242164952
56.929241898148149,44.999553348442866
56.972546296296294,45.079661377283387
57.019421296296294,45.043836138544215
57.061383101851852,45.006902789026135
57.106319444444445,45.054729301912424
57.196811342592589,45.00516296095838
57.243379629629629,45.105989306069901
57.28602430555555,44.912965108173722
57.330306712962965,44.986641910778303
57.373148148148147,44.911089500466964
57.418593750000007,45.020706722801023
57.46653935185185,44.948201864817534
57.5122337962963,45.002867476504669
57.558993055555554,44.957706260103379
57.605532407407402,45.026715863074529
57.647274305555555,44.984505984243896
57.693072916666665,45.06310806862497
57.735885416666669,44.999100335200126
57.782158564814814,44.965671249820531
57.827442129629624,45.104984932726794
57.87242476851852,45.103890467831306
57.914357638888895,45.104696342605777
57.956307870370374,45.015434847829326
58.001932870370375,45.05993286899826
58.044502314814814,45.108899944622067
58.090746527777782,45.034645114920416
58.227621527777778,45.035097507538552
58.272528935185186,44.972956160574597
58.316244212962964,45.065361354164772
58.359091435185185,44.908287318615116
58.401030092592599,45.025653114120473
58.446921296296296,45.054854085487939
58.48941550925926,44.949509169017141
58.533541666666672,45.103848716460156
58.581550925925931,45.003773000228826
58.628535879629631,45.060654668353905
58.670694444444443,45.059375020166698
58.7156712962963,45.073805055080527
58.757517361111105,45.041914937298927
58.79939236111111,44.990985670196508
58.84621527777778,44.979579981445774
58.890810185185188,44.90871868374947
58.93811921296296,45.005537673877022
58.985503472222227,45.021279078918106
59.027442129629634,45.017741476435596
59.069959490740736,44.961918018125296
59.115821759259262,44.997312778690699
59.206799768518522,45.01225600550449
59.248726851851849,44.961425433030392
59.291950231481479,44.947578485517063
59.33403935185185,44.963016149141332
59.37725694444444,44.930231944529645
59.421747685185181,45.013408626929824
59.465543981481481,44.965343745979361
59.512505787037036,44.87083764801406
59.55802083333333,44.891419557176143
59.60516203703704,44.942139823044968
59.652071759259258,44.903968654202451
59.699236111111112,44.959932928806843
59.744571759259259,44.91870535127731
59.792037037037034,44.962503685503577
59.841122685185184,45.085482717248738
59.885752314814816,45.037940612980861
59.93163773148148,45.063943528641445
59.977089120370373,44.983288300762744
60.022262731481483,45.035558188891144
60.066041666666671,44.999036787527245
60.112482638888885,45.070805107800041
60.199502314814815,45.026772308766056
60.241788194444446,44.949896387571371
60.287690972222215,44.992241658332347
60.333182870370372,45.000789936823217
60.37505787037037,44.913815586270786
60.418732638888891,44.912419897117914
60.464131944444439,45.025726211541837
60.508177083333329,44.913159342752472
60.555908564814814,45.019829385041305
60.60295138888889,44.983364712916227
60.645121527777775,45.043553719240961
60.689415509259256,44.990175348269148
60.737841435185182,45.085794991035101
60.779699074074074,45.002204892249679
60.821568287037032,44.967788702452069
60.866903935185185,45.045693195012674
60.909120370370374,45.013174737102638
60.957986111111104,45.074737274190305
60.999710648148152,45.071094093799353
61.042951388888888,45.136932352003257
61.089062500000004,45.076931909105063
61.224357638888883,45.069041310662158
61.27148726851852,45.148060944070252
61.31532986111111,45.076987429840884
61.35792824074074,45.09091492338743
61.405891203703703,45.023330561473017
61.451371527777781,45.17842401767583
61.498090277777777,45.00093455707777
61.545295138888889,44.862919357189554
61.592407407407414,44.894843770497992
61.635549768518523,44.950655090025684
61.681493055555556,44.96134228865467
61.729322916666668,45.026159481819462
61.771817129629632,44.954570526986032
61.819114583333338,45.046778493721042
61.865879629629632,45.067714818495411
61.912667824074077,45.054540940060384
61.955190972222226,45.096326485516734
62.002847222222222,45.056921142094239
62.049172453703704,45.008469889011572
62.091996527777781,45.044357875458118
62.137494212962963,45.019572033328558
62.225787037037037,45.06798003717811
62.267511574074071,45.113410321537792
62.311626157407403,45.129254940998933
62.354403935185189,45.048197202381459
62.397008101851846,45.037260960397937
62.442771990740738,45.018683897981226
62.486747685185186,45.053868582233278
62.529062500000002,45.02648301735455
62.576730324074077,45.097072784807175
62.61919560185185,45.085096830885369
62.66606481481481,45.108923920798922
62.713802083333327,45.006461544848079
62.759230324074075,44.973301220816303
62.804525462962964,44.949889838853764
62.850075231481476,44.940555317913798
62.895208333333329,44.929860203360377
62.941359953703703,45.079536195798809
62.985584490740742,45.030152108349306
63.029525462962965,45.07737907712206
63.074068287037043,45.071173668180307
63.122065972222224,45.122872790620448
63.212112268518517,45.128279014155972
63.25447916666667,45.177619282858217
63.296730324074076,45.140948292222994
63.343107638888888,45.070784990270987
63.387037037037032,45.053485985009416
63.429010416666671,45.082293265004537
63.474861111111117,45.138316227608001
63.517042824074075,45.124876478687234
63.561521990740744,45.128643395388465
63.603744212962965,45.164739271527957
63.650700231481487,44.975554783934825
63.693940972222215,45.055068840891479
63.73905092592593,45.05163115295705
63.782771990740741,45.064029244340887
63.827719907407406,45.067836136751758
63.876024305555553,45.013236711521515
63.923871527777777,45.079566039285332
63.966811342592592,45.03651740113316
64.012696759259256,45.014257169884949
64.055931712962959,45.019912289702518
64.100023148148139,45.121187756052535
64.239259259259256,45.182948233464089
64.285688657407405,45.144890434180908
64.329745370370361,45.13351415135552
64.376452546296292,45.056921350835076
64.420885416666664,45.100936106954997
64.463929398148153,45.032199383331964
64.510138888888889,45.004203928646952
64.554288194444453,45.117784275855456
64.598697916666666,45.086402600974054
64.641325231481474,44.953246100510441
64.683119212962964,45.023915535458549
64.728697916666661,45.099119506310942
64.773634259259254,45.051348537353704
64.820532407407413,45.037949252810776
64.862650462962961,45.032171652330952
64.910428240740742,45.125599572355263
64.95764467592592,45.019653215531719
65.004623842592594,45.058732145641585
65.050005787037037,45.067967176834713
65.095324074074071,45.048952693263558
65.13949652777778,45.030108766799138
65.224542824074078,45.047650054490617
65.266973379629633,45.020973959262442
65.311834490740736,44.961302652070103
65.353755787037031,45.05621733576691
65.401174768518516,45.079040052550781
65.446620370370368,45.071422935872228
65.491811342592584,45.008413010910743
65.536481481481488,44.990590432332382
65.580584490740748,45.04845376833066
65.626765046296299,44.936916730724235
65.671892361111119,45.02274456274143
65.717980324074077,45.047571803256801
65.759866898148147,44.993040298214396
65.805086805555547,45.001486936351832
65.85212962962963,45.053760228437376
65.896678240740741,44.984293418788724
65.945491898148148,45.083211145641123
65.988935185185184,45.022534890353803
66.03125,45.131444087539585
66.075063657407398,45.073041284323239
66.118287037037035,45.104681935401565
66.207349537037032,44.886012595751225
66.255775462962958,44.945164088581031
66.300312500000004,44.970817795217151
66.34544560185185,44.970098114015919
66.389988425925921,45.067647603507467
66.436620370370363,45.053283616347535
66.482638888888886,44.91636316229021
66.525931712962958,44.930556911796977
66.573674768518515,44.902989216611104
66.615995370370371,44.918786559654095
66.664548611111115,45.059935460367527
66.70923611111111,44.964806216357182
66.751811342592589,44.985098158419319
66.799392361111117,45.019255964697955
66.846290509259262,44.94434840472131
66.891440972222213,45.023762266675092
66.934687499999995,45.032672323321655
66.979664351851852,44.947834023149731
67.026765046296291,45.016765109872971
67.074421296296293,44.987294840972552
67.11780671296296,45.071959127946677
67.250115740740739,44.977926040841062
67.294913194444447,44.958603006642278
67.339375000000004,44.963161130495202
67.385260416666668,44.982526040006768
67.431429398148154,45.004243686233515
67.47821180555556,44.954192822954745
67.523883101851851,45.008833118280627
67.571313657407401,44.921799142723216
67.618368055555564,45.053698989405518
67.666637731481487,45.155734557992382
67.709837962962965,45.05006118825149
67.75277777777778,45.12407812940026
67.796631944444442,44.998056586638086
67.841365740740741,45.057224427991109
67.887523148148148,45.103438783361689
67.930225694444445,45.015548368219996
67.974074074074068,45.047959874103604
68.023200231481482,45.021754107366142
68.065028935185182,45.040423921876453
68.106770833333329,45.05974781523696
68.152881944444445,44.937114141979961
68.245445601851856,44.970298747075034
68.292743055555562,45.014472974181913
68.33820601851852,44.991562228023781
68.384612268518524,45.106492659209827
68.431562499999998,45.108669938476282
68.478136574074071,45.130271814366196
68.523894675925931,45.142312150824218
68.567968749999991,45.140469302262758
68.613391203703699,45.185673056596066
68.660503472222231,45.173003359634215
68.702789351851848,45.189946190368318
68.750497685185181,45.206034274899423
68.792546296296294,45.163771497134967
68.837314814814818,45.115095769952688
68.886278935185189,45.171631989132969
68.932505787037044,45.099366732660535
68.976793981481478,45.136786689220891
69.018715277777787,45.115506097921887
69.064479166666658,45.177153664504779
69.110677083333329,45.025945084904457
69.15572916666666,45.088854206590952
69.249178240740733,45.140818517074607
69.294166666666669,45.148939631643735
69.337181712962959,45.036849797737503
69.386371527777769,45.174023978292183
69.433750000000003,45.07670336710467
69.478559027777777,45.125969564949834
69.524976851851861,45.169325633486324
69.572789351851853,45.084494758922553
69.616307870370363,45.142846757051409
69.663159722222218,45.205185401830725
69.706174768518522,45.223915191977085
69.753668981481482,45.147891766027712
69.797135416666663,45.127193881228656
69.844907407407405,45.026991908896846
69.88727430555555,45.147125392614434
69.929722222222225,45.122774413222601
69.973761574074075,45.03023873735976
70.017019675925923,45.083265687479305
70.0602488425926,44.997447266642816
70.104212962962961,45.100601126697626
70.15064236111111,45.194009942928929
70.240688657407404,45.176038756718327
70.282731481481477,45.153270139239737
70.325277777777771,45.082526662933823
70.371909722222213,45.106691238457508
70.417511574074069,45.150834616777203
70.463640046296305,45.080121411450705
70.510092592592585,45.088375214474844
70.552193287037042,45.071375640147821
70.599421296296299,45.127752281606433
70.642812500000005,45.110846790230738
70.689374999999998,45.158672267576399
70.735208333333333,45.04123190650688
70.777679398148152,45.021598792471195
70.824461805555558,45.010587505907147
70.869565972222219,45.050396799632026
70.911984953703708,45.048413465638802
70.956874999999997,45.028728282023465
71.000775462962963,45.034699740455373
71.045873842592599,45.078185987395194
71.089045138888892,45.101016863699321
71.133668981481478,45.054022379142324
71.226550925925935,45.085560541609503
71.273055555555558,45.052753944753569
71.315347222222229,45.052594889540799
71.362355324074073,45.057602334405615
71.408761574074077,44.995822360088376
71.453796296296289,45.099544478726131
71.498229166666661,45.066690716363581
71.542297453703711,45.079958503866187
71.586140046296293,45.025188349068443
71.630671296296299,45.050012737735848
71.677685185185183,45.019589976659354
71.721834490740733,45.052169076460707
71.764160879629628,44.951855950581496
71.811412037037044,44.989020246330696
71.857650462962965,45.015683953238671
71.904363425925922,45.071607147042947
71.947100694444444,45.164353631902124
71.992557870370362,44.997272082417048
72.041105324074081,45.182541626478958
72.085954861111119,45.140959108282935
72.129780092592597,45.175864063184072
72.269612268518514,45.155613698923922
72.311747685185182,45.15967215129929
72.358993055555558,45.195686117922882
72.40456018518519,45.162330129522104
72.450416666666669,45.234884589673463
72.492575231481482,45.129468139610474
72.538020833333334,45.107567629435621
72.584768518518516,45.041546235678091
72.627193287037031,45.023112786255481
72.673749999999998,45.029982475699939
72.715422453703709,44.970365021081193
72.758454861111105,45.114651149158064
72.806290509259256,45.215480198409658
72.850370370370371,45.140240639669344
72.897667824074077,45.169821186542933
72.944855324074069,45.088519960275534
72.993344907407405,45.244857671981968
73.039253472222228,45.157916568432007
73.085740740740746,45.202312751272686
73.12951967592592,45.150494393358002
73.171614583333337,45.200373101149331
73.263831018518516,45.187137771305693
73.310069444444437,45.093604098414424
73.352361111111108,45.118885998844448
73.395405092592597,45.1723817313231
73.438703703703695,45.061313602934867
73.481116898148144,45.135777346960666
73.526481481481483,45.040870732473614
73.572934027777777,45.019853904587919
73.616336805555548,45.068909384615424
73.662447916666665,45.128144955685393
73.708304398148144,45.159380261652508
73.756545138888882,45.133590867632066
73.799728009259255,45.216859402474242
73.846157407407404,45.141042498829314
73.892129629629622,45.086917736542034
73.935428240740734,45.107398251017202
73.977528935185191,45.080925428424663
74.01957175925925,45.15546791094151
74.064994212962958,45.180965765467676
74.107696759259255,45.072462211851679
74.150486111111107,45.143857088741555
74.239693287037042,45.146176353384504
74.281533564814808,45.112208849383556
74.325133101851847,45.138894456107963
74.368923611111114,45.142998770319643
74.414814814814818,45.057996566530875
74.460052083333338,45.084823446548185
74.501857638888893,45.147977981805312
74.550075231481486,45.170306914808975
74.592928240740733,45.181422715725077
74.635954861111102,45.096460228922169
74.683315972222218,45.064701505571762
74.728344907407404,45.100517101241437
74.770538194444441,45.11687947135713
74.813668981481484,45.083131624641666
74.856776620370368,45.078360936477033
74.902552083333333,45.102881637617969
74.946892361111111,45.05762493161113
74.997546296296292,45.128756391631789
75.044033564814811,45.104637416581724
75.092418981481487,45.189975829599121
75.135364583333327,45.114179535785532
75.274537037037035,45.212414718812902
75.321215277777782,45.077690026397796
75.363020833333337,45.139729052641243
75.406979166666659,45.117288714547271
75.454103009259256,45.025552011350584
75.50050925925926,45.105088975584849
75.548958333333331,45.052783132468967
75.592968749999997,45.088085390962078
75.639907407407406,45.158562513779046
75.686903935185185,45.049869502501942
75.733703703703711,45.12149575144668
75.776221064814806,45.046104651524061
75.820300925925935,45.118503002354117
75.867175925925935,44.97317999365
75.909618055555555,45.017190115841217
75.953871527777778,44.981802428622125
75.998437500000009,44.995508147601953
76.041510416666668,44.974216897940018
76.084108796296292,44.955255615612145
76.127638888888882,44.945214636705792
76.175393518518518,45.076718616075659
